{
  "categories": [
    {
      "id": "28759f7e-3509-4064-920a-406dd426033a",
      "name": "Industrial",
      "createdAt": 1616839770240,
      "updatedAt": 1616839770240
    },
    {
      "id": "a29a92d8-6ea3-4954-a189-f33a572e0492",
      "name": "Jewelery",
      "createdAt": 1616839770240,
      "updatedAt": 1616839770240
    },
    {
      "id": "73f4c23e-2c4b-437b-9a6d-d8de4ed9084d",
      "name": "Music",
      "createdAt": 1616839770240,
      "updatedAt": 1616839770240
    },
    {
      "id": "4ef77043-287d-44f0-889a-8392408ea565",
      "name": "Health",
      "createdAt": 1616839770240,
      "updatedAt": 1616839770240
    }
  ],
  "products": [
    {
      "categoryId": "28759f7e-3509-4064-920a-406dd426033a",
      "id": "7cd6a8d6-999c-405b-9053-d6a03d2a5118",
      "name": "Tasty Plastic Chips",
      "color": "cyan",
      "price": 930,
      "description": "The beautiful range of Apple Naturalé that has an exciting mix of natural ingredients. With the Goodness of 100% Natural Ingredients",
      "createdAt": 1616839770240,
      "updatedAt": 1616839770240,
      "thumbnailUrl": "http://placeimg.com/400/400"
    },
    {
      "categoryId": "28759f7e-3509-4064-920a-406dd426033a",
      "id": "a4f27b39-9a0e-46a4-9f61-a95cee8b0cc1",
      "name": "Unbranded Cotton Bike",
      "color": "cyan",
      "price": 464,
      "description": "The slim & simple Maple Gaming Keyboard from Dev Byte comes with a sleek body and 7- Color RGB LED Back-lighting for smart functionality",
      "createdAt": 1616839770240,
      "updatedAt": 1616839770240,
      "thumbnailUrl": "http://placeimg.com/400/400"
    },
    {
      "categoryId": "28759f7e-3509-4064-920a-406dd426033a",
      "id": "c76ec78f-fc06-4f4d-85fd-e2944cc35ac8",
      "name": "Incredible Granite Salad",
      "color": "magenta",
      "price": 66,
      "description": "Ergonomic executive chair upholstered in bonded black leather and PVC padded seat and back for all-day comfort and support",
      "createdAt": 1616839770240,
      "updatedAt": 1616839770240,
      "thumbnailUrl": "http://placeimg.com/400/400"
    },
    {
      "categoryId": "28759f7e-3509-4064-920a-406dd426033a",
      "id": "df2452e6-2374-4978-8cfd-06d3ad57c5e4",
      "name": "Small Metal Salad",
      "color": "azure",
      "price": 538,
      "description": "New ABC 13 9370, 13.3, 5th Gen CoreA5-8250U, 8GB RAM, 256GB SSD, power UHD Graphics, OS 10 Home, OS Office A & J 2016",
      "createdAt": 1616839770241,
      "updatedAt": 1616839770241,
      "thumbnailUrl": "http://placeimg.com/400/400"
    },
    {
      "categoryId": "28759f7e-3509-4064-920a-406dd426033a",
      "id": "4a830911-6c91-41e8-a421-742550a1fbd4",
      "name": "Licensed Cotton Soap",
      "color": "cyan",
      "price": 609,
      "description": "New range of formal shirts are designed keeping you in mind. With fits and styling that will make you stand apart",
      "createdAt": 1616839770241,
      "updatedAt": 1616839770241,
      "thumbnailUrl": "http://placeimg.com/400/400"
    },
    {
      "categoryId": "a29a92d8-6ea3-4954-a189-f33a572e0492",
      "id": "5cead493-7693-4209-a53c-9047581f59ec",
      "name": "Small Plastic Chair",
      "color": "purple",
      "price": 549,
      "description": "The Apollotech B340 is an affordable wireless mouse with reliable connectivity, 12 months battery life and modern design",
      "createdAt": 1616839770241,
      "updatedAt": 1616839770241,
      "thumbnailUrl": "http://placeimg.com/400/400"
    },
    {
      "categoryId": "a29a92d8-6ea3-4954-a189-f33a572e0492",
      "id": "60f78241-ee4f-4e00-a80e-1a084c76c2a0",
      "name": "Incredible Plastic Table",
      "color": "blue",
      "price": 929,
      "description": "Ergonomic executive chair upholstered in bonded black leather and PVC padded seat and back for all-day comfort and support",
      "createdAt": 1616839770241,
      "updatedAt": 1616839770241,
      "thumbnailUrl": "http://placeimg.com/400/400"
    },
    {
      "categoryId": "a29a92d8-6ea3-4954-a189-f33a572e0492",
      "id": "7860a196-b48d-4cc6-bb74-66faca908959",
      "name": "Rustic Concrete Bike",
      "color": "blue",
      "price": 442,
      "description": "Ergonomic executive chair upholstered in bonded black leather and PVC padded seat and back for all-day comfort and support",
      "createdAt": 1616839770241,
      "updatedAt": 1616839770241,
      "thumbnailUrl": "http://placeimg.com/400/400"
    },
    {
      "categoryId": "a29a92d8-6ea3-4954-a189-f33a572e0492",
      "id": "4ec4028e-174c-4f5d-ad48-b04db3e7a17c",
      "name": "Tasty Plastic Cheese",
      "color": "plum",
      "price": 621,
      "description": "The slim & simple Maple Gaming Keyboard from Dev Byte comes with a sleek body and 7- Color RGB LED Back-lighting for smart functionality",
      "createdAt": 1616839770241,
      "updatedAt": 1616839770241,
      "thumbnailUrl": "http://placeimg.com/400/400"
    },
    {
      "categoryId": "a29a92d8-6ea3-4954-a189-f33a572e0492",
      "id": "b225f8f9-4baf-4a78-a8b3-74c311d95e59",
      "name": "Awesome Granite Shirt",
      "color": "pink",
      "price": 286,
      "description": "The beautiful range of Apple Naturalé that has an exciting mix of natural ingredients. With the Goodness of 100% Natural Ingredients",
      "createdAt": 1616839770241,
      "updatedAt": 1616839770241,
      "thumbnailUrl": "http://placeimg.com/400/400"
    },
    {
      "categoryId": "73f4c23e-2c4b-437b-9a6d-d8de4ed9084d",
      "id": "fcdc4fa5-8280-49ec-94b4-01eac4c2be4b",
      "name": "Ergonomic Plastic Mouse",
      "color": "orchid",
      "price": 914,
      "description": "The slim & simple Maple Gaming Keyboard from Dev Byte comes with a sleek body and 7- Color RGB LED Back-lighting for smart functionality",
      "createdAt": 1616839770241,
      "updatedAt": 1616839770241,
      "thumbnailUrl": "http://placeimg.com/400/400"
    },
    {
      "categoryId": "73f4c23e-2c4b-437b-9a6d-d8de4ed9084d",
      "id": "7fe373d9-3c8f-4e15-bd2b-d9ed03a5225d",
      "name": "Licensed Frozen Pants",
      "color": "maroon",
      "price": 573,
      "description": "New ABC 13 9370, 13.3, 5th Gen CoreA5-8250U, 8GB RAM, 256GB SSD, power UHD Graphics, OS 10 Home, OS Office A & J 2016",
      "createdAt": 1616839770241,
      "updatedAt": 1616839770241,
      "thumbnailUrl": "http://placeimg.com/400/400"
    },
    {
      "categoryId": "73f4c23e-2c4b-437b-9a6d-d8de4ed9084d",
      "id": "3db708c2-0fec-48a6-8e72-0eb4a56f0a24",
      "name": "Licensed Plastic Shoes",
      "color": "teal",
      "price": 968,
      "description": "New range of formal shirts are designed keeping you in mind. With fits and styling that will make you stand apart",
      "createdAt": 1616839770241,
      "updatedAt": 1616839770241,
      "thumbnailUrl": "http://placeimg.com/400/400"
    },
    {
      "categoryId": "73f4c23e-2c4b-437b-9a6d-d8de4ed9084d",
      "id": "54c64d58-9310-4704-94c7-f80d02a207a3",
      "name": "Generic Soft Towels",
      "color": "purple",
      "price": 91,
      "description": "The slim & simple Maple Gaming Keyboard from Dev Byte comes with a sleek body and 7- Color RGB LED Back-lighting for smart functionality",
      "createdAt": 1616839770241,
      "updatedAt": 1616839770241,
      "thumbnailUrl": "http://placeimg.com/400/400"
    },
    {
      "categoryId": "73f4c23e-2c4b-437b-9a6d-d8de4ed9084d",
      "id": "f7f0c752-0e31-48c1-a204-a37e78d69d0d",
      "name": "Refined Concrete Soap",
      "color": "ivory",
      "price": 429,
      "description": "Ergonomic executive chair upholstered in bonded black leather and PVC padded seat and back for all-day comfort and support",
      "createdAt": 1616839770241,
      "updatedAt": 1616839770241,
      "thumbnailUrl": "http://placeimg.com/400/400"
    },
    {
      "categoryId": "4ef77043-287d-44f0-889a-8392408ea565",
      "id": "3d4f4a5e-b624-4a24-aae2-829a0ea51d42",
      "name": "Refined Soft Shirt",
      "color": "white",
      "price": 182,
      "description": "The slim & simple Maple Gaming Keyboard from Dev Byte comes with a sleek body and 7- Color RGB LED Back-lighting for smart functionality",
      "createdAt": 1616839770241,
      "updatedAt": 1616839770241,
      "thumbnailUrl": "http://placeimg.com/400/400"
    },
    {
      "categoryId": "4ef77043-287d-44f0-889a-8392408ea565",
      "id": "622257e5-32fe-4117-a826-310afc50f11a",
      "name": "Sleek Cotton Chips",
      "color": "purple",
      "price": 924,
      "description": "The Apollotech B340 is an affordable wireless mouse with reliable connectivity, 12 months battery life and modern design",
      "createdAt": 1616839770241,
      "updatedAt": 1616839770241,
      "thumbnailUrl": "http://placeimg.com/400/400"
    },
    {
      "categoryId": "4ef77043-287d-44f0-889a-8392408ea565",
      "id": "24e5bb84-216c-4176-bf2d-364302a058f5",
      "name": "Awesome Granite Pants",
      "color": "tan",
      "price": 191,
      "description": "Boston's most advanced compression wear technology increases muscle oxygenation, stabilizes active muscles",
      "createdAt": 1616839770241,
      "updatedAt": 1616839770241,
      "thumbnailUrl": "http://placeimg.com/400/400"
    },
    {
      "categoryId": "4ef77043-287d-44f0-889a-8392408ea565",
      "id": "b6dd4235-f83b-4446-ba72-55e542417964",
      "name": "Rustic Metal Towels",
      "color": "gold",
      "price": 29,
      "description": "The automobile layout consists of a front-engine design, with transaxle-type transmissions mounted at the rear of the engine and four wheel drive",
      "createdAt": 1616839770241,
      "updatedAt": 1616839770241,
      "thumbnailUrl": "http://placeimg.com/400/400"
    },
    {
      "categoryId": "4ef77043-287d-44f0-889a-8392408ea565",
      "id": "2b3c9016-de75-4110-804f-0017aea3a641",
      "name": "Fantastic Plastic Chicken",
      "color": "orchid",
      "price": 470,
      "description": "Carbonite web goalkeeper gloves are ergonomically designed to give easy fit",
      "createdAt": 1616839770241,
      "updatedAt": 1616839770241,
      "thumbnailUrl": "http://placeimg.com/400/400"
    },
    {
      "categoryId": "28759f7e-3509-4064-920a-406dd426033a",
      "name": "Tasty Plastic Chips Update",
      "color": "red",
      "price": 950,
      "description": "The beautiful range of Apple Naturalé that has an exciting mix of natural ingredients. With the Goodness of 100% Natural Ingredients",
      "thumbnailUrl": "http://placeimg.com/400/400",
      "createdAt": 1616840523918,
      "updatedAt": 1616840596705,
      "id": "KkSXxPt"
    }
  ],
  "profile": {
    "name": "Po"
  }
}